--
-- PostgreSQL database dump
--

-- Dumped from database version 12.9 (Ubuntu 12.9-2.pgdg20.04+1)
-- Dumped by pg_dump version 12.9 (Ubuntu 12.9-2.pgdg20.04+1)

SET statement_timeout = 0;
SET lock_timeout = 0;
SET idle_in_transaction_session_timeout = 0;
SET client_encoding = 'UTF8';
SET standard_conforming_strings = on;
SELECT pg_catalog.set_config('search_path', '', false);
SET check_function_bodies = false;
SET xmloption = content;
SET client_min_messages = warning;
SET row_security = off;

DROP DATABASE universe;
--
-- Name: universe; Type: DATABASE; Schema: -; Owner: freecodecamp
--

CREATE DATABASE universe WITH TEMPLATE = template0 ENCODING = 'UTF8' LC_COLLATE = 'C.UTF-8' LC_CTYPE = 'C.UTF-8';


ALTER DATABASE universe OWNER TO freecodecamp;

\connect universe

SET statement_timeout = 0;
SET lock_timeout = 0;
SET idle_in_transaction_session_timeout = 0;
SET client_encoding = 'UTF8';
SET standard_conforming_strings = on;
SELECT pg_catalog.set_config('search_path', '', false);
SET check_function_bodies = false;
SET xmloption = content;
SET client_min_messages = warning;
SET row_security = off;

SET default_tablespace = '';

SET default_table_access_method = heap;

--
-- Name: galaxy; Type: TABLE; Schema: public; Owner: freecodecamp
--

CREATE TABLE public.galaxy (
    galaxy_id integer NOT NULL,
    name character varying(30) NOT NULL,
    age_in_million_years numeric NOT NULL,
    description text,
    discoveredby character varying(25)
);


ALTER TABLE public.galaxy OWNER TO freecodecamp;

--
-- Name: galaxy_galaxy_id_seq; Type: SEQUENCE; Schema: public; Owner: freecodecamp
--

CREATE SEQUENCE public.galaxy_galaxy_id_seq
    AS integer
    START WITH 1
    INCREMENT BY 1
    NO MINVALUE
    NO MAXVALUE
    CACHE 1;


ALTER TABLE public.galaxy_galaxy_id_seq OWNER TO freecodecamp;

--
-- Name: galaxy_galaxy_id_seq; Type: SEQUENCE OWNED BY; Schema: public; Owner: freecodecamp
--

ALTER SEQUENCE public.galaxy_galaxy_id_seq OWNED BY public.galaxy.galaxy_id;


--
-- Name: moon; Type: TABLE; Schema: public; Owner: freecodecamp
--

CREATE TABLE public.moon (
    moon_id integer NOT NULL,
    name character varying(30),
    planet_id integer NOT NULL,
    is_spherical boolean,
    distance_from_earth numeric
);


ALTER TABLE public.moon OWNER TO freecodecamp;

--
-- Name: moon_moon_id_seq; Type: SEQUENCE; Schema: public; Owner: freecodecamp
--

CREATE SEQUENCE public.moon_moon_id_seq
    AS integer
    START WITH 1
    INCREMENT BY 1
    NO MINVALUE
    NO MAXVALUE
    CACHE 1;


ALTER TABLE public.moon_moon_id_seq OWNER TO freecodecamp;

--
-- Name: moon_moon_id_seq; Type: SEQUENCE OWNED BY; Schema: public; Owner: freecodecamp
--

ALTER SEQUENCE public.moon_moon_id_seq OWNED BY public.moon.moon_id;


--
-- Name: planet; Type: TABLE; Schema: public; Owner: freecodecamp
--

CREATE TABLE public.planet (
    planet_id integer NOT NULL,
    name character varying(30) NOT NULL,
    star_id integer NOT NULL,
    has_life boolean,
    planet_types integer
);


ALTER TABLE public.planet OWNER TO freecodecamp;

--
-- Name: planet_info; Type: TABLE; Schema: public; Owner: freecodecamp
--

CREATE TABLE public.planet_info (
    planet_info_id integer NOT NULL,
    name character varying(30) NOT NULL,
    water_avilable boolean
);


ALTER TABLE public.planet_info OWNER TO freecodecamp;

--
-- Name: planet_info_planet_info_id_seq; Type: SEQUENCE; Schema: public; Owner: freecodecamp
--

CREATE SEQUENCE public.planet_info_planet_info_id_seq
    AS integer
    START WITH 1
    INCREMENT BY 1
    NO MINVALUE
    NO MAXVALUE
    CACHE 1;


ALTER TABLE public.planet_info_planet_info_id_seq OWNER TO freecodecamp;

--
-- Name: planet_info_planet_info_id_seq; Type: SEQUENCE OWNED BY; Schema: public; Owner: freecodecamp
--

ALTER SEQUENCE public.planet_info_planet_info_id_seq OWNED BY public.planet_info.planet_info_id;


--
-- Name: planet_planet_id_seq; Type: SEQUENCE; Schema: public; Owner: freecodecamp
--

CREATE SEQUENCE public.planet_planet_id_seq
    AS integer
    START WITH 1
    INCREMENT BY 1
    NO MINVALUE
    NO MAXVALUE
    CACHE 1;


ALTER TABLE public.planet_planet_id_seq OWNER TO freecodecamp;

--
-- Name: planet_planet_id_seq; Type: SEQUENCE OWNED BY; Schema: public; Owner: freecodecamp
--

ALTER SEQUENCE public.planet_planet_id_seq OWNED BY public.planet.planet_id;


--
-- Name: star; Type: TABLE; Schema: public; Owner: freecodecamp
--

CREATE TABLE public.star (
    star_id integer NOT NULL,
    name character varying(30) NOT NULL,
    galaxy_id integer NOT NULL,
    age_in_light_years numeric,
    decovered_year integer
);


ALTER TABLE public.star OWNER TO freecodecamp;

--
-- Name: star_star_id_seq; Type: SEQUENCE; Schema: public; Owner: freecodecamp
--

CREATE SEQUENCE public.star_star_id_seq
    AS integer
    START WITH 1
    INCREMENT BY 1
    NO MINVALUE
    NO MAXVALUE
    CACHE 1;


ALTER TABLE public.star_star_id_seq OWNER TO freecodecamp;

--
-- Name: star_star_id_seq; Type: SEQUENCE OWNED BY; Schema: public; Owner: freecodecamp
--

ALTER SEQUENCE public.star_star_id_seq OWNED BY public.star.star_id;


--
-- Name: galaxy galaxy_id; Type: DEFAULT; Schema: public; Owner: freecodecamp
--

ALTER TABLE ONLY public.galaxy ALTER COLUMN galaxy_id SET DEFAULT nextval('public.galaxy_galaxy_id_seq'::regclass);


--
-- Name: moon moon_id; Type: DEFAULT; Schema: public; Owner: freecodecamp
--

ALTER TABLE ONLY public.moon ALTER COLUMN moon_id SET DEFAULT nextval('public.moon_moon_id_seq'::regclass);


--
-- Name: planet planet_id; Type: DEFAULT; Schema: public; Owner: freecodecamp
--

ALTER TABLE ONLY public.planet ALTER COLUMN planet_id SET DEFAULT nextval('public.planet_planet_id_seq'::regclass);


--
-- Name: planet_info planet_info_id; Type: DEFAULT; Schema: public; Owner: freecodecamp
--

ALTER TABLE ONLY public.planet_info ALTER COLUMN planet_info_id SET DEFAULT nextval('public.planet_info_planet_info_id_seq'::regclass);


--
-- Name: star star_id; Type: DEFAULT; Schema: public; Owner: freecodecamp
--

ALTER TABLE ONLY public.star ALTER COLUMN star_id SET DEFAULT nextval('public.star_star_id_seq'::regclass);


--
-- Data for Name: galaxy; Type: TABLE DATA; Schema: public; Owner: freecodecamp
--

INSERT INTO public.galaxy VALUES (1, 'Galaxy A', 145.3, 'A', 'A');
INSERT INTO public.galaxy VALUES (2, 'Galaxy B', 863.5, 'B', 'B');
INSERT INTO public.galaxy VALUES (3, 'Galaxy C', 101.3, 'c', 'c');
INSERT INTO public.galaxy VALUES (4, 'Galaxy d', 563.0, 'd', 'd');
INSERT INTO public.galaxy VALUES (5, 'Galaxy E', 753.02, 'e', 'e');
INSERT INTO public.galaxy VALUES (6, 'Galaxy f', 159.65, 'g', 'f');


--
-- Data for Name: moon; Type: TABLE DATA; Schema: public; Owner: freecodecamp
--

INSERT INTO public.moon VALUES (3, 'a', 1, true, 100);
INSERT INTO public.moon VALUES (4, 'b', 1, false, 200);
INSERT INTO public.moon VALUES (5, 'c', 2, true, 300);
INSERT INTO public.moon VALUES (6, 'd', 2, false, 400);
INSERT INTO public.moon VALUES (7, 'e', 3, true, 500);
INSERT INTO public.moon VALUES (8, 'f', 3, false, 600);
INSERT INTO public.moon VALUES (9, 'g', 4, true, 700);
INSERT INTO public.moon VALUES (10, 'h', 4, false, 800);
INSERT INTO public.moon VALUES (11, 'i', 5, true, 900);
INSERT INTO public.moon VALUES (12, 'j', 5, false, 1000);
INSERT INTO public.moon VALUES (13, 'k', 6, true, 100);
INSERT INTO public.moon VALUES (14, 'l', 6, false, 200);
INSERT INTO public.moon VALUES (15, 'm', 7, true, 300);
INSERT INTO public.moon VALUES (16, 'n', 7, false, 400);
INSERT INTO public.moon VALUES (17, 'o', 8, true, 700);
INSERT INTO public.moon VALUES (18, 'p', 8, false, 800);
INSERT INTO public.moon VALUES (19, 'q', 9, true, 900);
INSERT INTO public.moon VALUES (20, 'r', 9, false, 1000);
INSERT INTO public.moon VALUES (21, 's', 10, true, 100);
INSERT INTO public.moon VALUES (22, 't', 10, false, 200);


--
-- Data for Name: planet; Type: TABLE DATA; Schema: public; Owner: freecodecamp
--

INSERT INTO public.planet VALUES (1, 'Planet Mercury', 1, true, 1);
INSERT INTO public.planet VALUES (2, 'Planet Venus', 1, false, 1);
INSERT INTO public.planet VALUES (3, 'Planet Earth', 2, true, 2);
INSERT INTO public.planet VALUES (4, 'Planet Mars', 2, false, 2);
INSERT INTO public.planet VALUES (5, 'Planet Jupiter', 3, true, 3);
INSERT INTO public.planet VALUES (6, 'Planet Saturn', 3, false, 3);
INSERT INTO public.planet VALUES (7, 'Planet Uranus', 4, true, 4);
INSERT INTO public.planet VALUES (8, 'Planet Neptune', 4, false, 4);
INSERT INTO public.planet VALUES (9, 'Planet Pluto', 5, true, 5);
INSERT INTO public.planet VALUES (10, 'Planet A', 5, false, 5);
INSERT INTO public.planet VALUES (11, 'Planet B', 6, true, 6);
INSERT INTO public.planet VALUES (12, 'Planet C', 6, false, 6);


--
-- Data for Name: planet_info; Type: TABLE DATA; Schema: public; Owner: freecodecamp
--

INSERT INTO public.planet_info VALUES (1, 'a', true);
INSERT INTO public.planet_info VALUES (2, 'b', false);
INSERT INTO public.planet_info VALUES (3, 'c', true);


--
-- Data for Name: star; Type: TABLE DATA; Schema: public; Owner: freecodecamp
--

INSERT INTO public.star VALUES (1, 'star a', 1, 56.2, 1956);
INSERT INTO public.star VALUES (2, 'star b', 2, 456.3, 1990);
INSERT INTO public.star VALUES (3, 'star c', 3, 75.2, 1962);
INSERT INTO public.star VALUES (4, 'star d', 4, 420.1, 1989);
INSERT INTO public.star VALUES (5, 'starec', 5, 3435.2, 1562);
INSERT INTO public.star VALUES (6, 'starf', 6, 6422.9, 1999);


--
-- Name: galaxy_galaxy_id_seq; Type: SEQUENCE SET; Schema: public; Owner: freecodecamp
--

SELECT pg_catalog.setval('public.galaxy_galaxy_id_seq', 6, true);


--
-- Name: moon_moon_id_seq; Type: SEQUENCE SET; Schema: public; Owner: freecodecamp
--

SELECT pg_catalog.setval('public.moon_moon_id_seq', 22, true);


--
-- Name: planet_info_planet_info_id_seq; Type: SEQUENCE SET; Schema: public; Owner: freecodecamp
--

SELECT pg_catalog.setval('public.planet_info_planet_info_id_seq', 3, true);


--
-- Name: planet_planet_id_seq; Type: SEQUENCE SET; Schema: public; Owner: freecodecamp
--

SELECT pg_catalog.setval('public.planet_planet_id_seq', 12, true);


--
-- Name: star_star_id_seq; Type: SEQUENCE SET; Schema: public; Owner: freecodecamp
--

SELECT pg_catalog.setval('public.star_star_id_seq', 6, true);


--
-- Name: galaxy galaxy_pkey; Type: CONSTRAINT; Schema: public; Owner: freecodecamp
--

ALTER TABLE ONLY public.galaxy
    ADD CONSTRAINT galaxy_pkey PRIMARY KEY (galaxy_id);


--
-- Name: moon moon_pkey; Type: CONSTRAINT; Schema: public; Owner: freecodecamp
--

ALTER TABLE ONLY public.moon
    ADD CONSTRAINT moon_pkey PRIMARY KEY (moon_id);


--
-- Name: planet_info planet_info_name_key; Type: CONSTRAINT; Schema: public; Owner: freecodecamp
--

ALTER TABLE ONLY public.planet_info
    ADD CONSTRAINT planet_info_name_key UNIQUE (name);


--
-- Name: planet_info planet_info_pkey; Type: CONSTRAINT; Schema: public; Owner: freecodecamp
--

ALTER TABLE ONLY public.planet_info
    ADD CONSTRAINT planet_info_pkey PRIMARY KEY (planet_info_id);


--
-- Name: planet planet_pkey; Type: CONSTRAINT; Schema: public; Owner: freecodecamp
--

ALTER TABLE ONLY public.planet
    ADD CONSTRAINT planet_pkey PRIMARY KEY (planet_id);


--
-- Name: star star_pkey; Type: CONSTRAINT; Schema: public; Owner: freecodecamp
--

ALTER TABLE ONLY public.star
    ADD CONSTRAINT star_pkey PRIMARY KEY (star_id);


--
-- Name: galaxy unique_name; Type: CONSTRAINT; Schema: public; Owner: freecodecamp
--

ALTER TABLE ONLY public.galaxy
    ADD CONSTRAINT unique_name UNIQUE (name);


--
-- Name: moon unq_name; Type: CONSTRAINT; Schema: public; Owner: freecodecamp
--

ALTER TABLE ONLY public.moon
    ADD CONSTRAINT unq_name UNIQUE (name);


--
-- Name: planet unq_planet; Type: CONSTRAINT; Schema: public; Owner: freecodecamp
--

ALTER TABLE ONLY public.planet
    ADD CONSTRAINT unq_planet UNIQUE (name);


--
-- Name: star unq_star; Type: CONSTRAINT; Schema: public; Owner: freecodecamp
--

ALTER TABLE ONLY public.star
    ADD CONSTRAINT unq_star UNIQUE (name);


--
-- Name: moon moon_planet_id_fkey; Type: FK CONSTRAINT; Schema: public; Owner: freecodecamp
--

ALTER TABLE ONLY public.moon
    ADD CONSTRAINT moon_planet_id_fkey FOREIGN KEY (planet_id) REFERENCES public.planet(planet_id);


--
-- Name: planet planet_star_id_fkey; Type: FK CONSTRAINT; Schema: public; Owner: freecodecamp
--

ALTER TABLE ONLY public.planet
    ADD CONSTRAINT planet_star_id_fkey FOREIGN KEY (star_id) REFERENCES public.star(star_id);


--
-- Name: star star_galaxy_id_fkey; Type: FK CONSTRAINT; Schema: public; Owner: freecodecamp
--

ALTER TABLE ONLY public.star
    ADD CONSTRAINT star_galaxy_id_fkey FOREIGN KEY (galaxy_id) REFERENCES public.galaxy(galaxy_id);


--
-- PostgreSQL database dump complete
--

